insert into tags (id, text) values ('1','STRING');
insert into tags (id, text) values ('2','SOME TAG');
insert into tags (id, text) values ('3','SOME OTHER TAG');
insert into tag2post (id, post_id, tagid) values ('1','1','1');
insert into tag2post (id, post_id, tagid) values ('2','1','2');
insert into tag2post (id, post_id, tagid) values ('3','2','3');
insert into post_votes(id, post_id, time, user_id, value) values ('1', '1', '2020-01-01 00:00:01', '1', '1');
insert into post_votes(id, post_id, time, user_id, value) values ('2', '1', '2020-01-01 00:00:01', '2', '1');
insert into post_votes(id, post_id, time, user_id, value) values ('3', '2', '2020-01-01 00:00:01', '1', '-1');
insert into post_votes(id, post_id, time, user_id, value) values ('4', '1', '2020-01-01 00:00:01', '3', '1');
insert into post_votes(id, post_id, time, user_id, value) values ('5', '2', '2020-01-01 00:00:01', '1', '1');
insert into post_votes(id, post_id, time, user_id, value) values ('6', '3', '2020-01-01 00:00:01', '1', '1');
insert into post_votes(id, post_id, time, user_id, value) values ('7', '4', '2020-01-01 00:00:01', '2', '1');
insert into post_votes(id, post_id, time, user_id, value) values ('8', '3', '2020-01-01 00:00:01', '3', '1');
insert into post_votes(id, post_id, time, user_id, value) values ('9', '5', '2020-01-01 00:00:01', '1', '1');

insert into post_comments(id,parent_id,post_id,text,time,user_id) values ('1','0','1','test comment','2020-01-01 00:00:03','1');
insert into post_comments(id,parent_id,post_id,text,time,user_id) values ('2','0','2','test comment2','2020-01-01 00:00:03','1');
insert into post_comments(id,parent_id,post_id,text,time,user_id) values ('3','1','3','test comment with parent','2020-01-01 00:00:03','1');
insert into post_comments(id,parent_id,post_id,text,time,user_id) values ('4','0','3','test comment3','2020-01-01 00:00:03','1');
insert into post_comments(id,parent_id,post_id,text,time,user_id) values ('5','0','3','test comment4','2020-01-01 00:00:03','1');
insert into post_comments(id,parent_id,post_id,text,time,user_id) values ('6','0','8','test comment5','2020-01-01 00:00:03','1');
insert into post_comments(id,parent_id,post_id,text,time,user_id) values ('7','0','5','test comment6','2020-01-01 00:00:03','1');
insert into post_comments(id,parent_id,post_id,text,time,user_id) values ('8','0','9','test comment7','2020-01-01 00:00:03','1');
insert into post_comments(id,parent_id,post_id,text,time,user_id) values ('9','0','2','test comment8','2020-01-01 00:00:03','1');
insert into post_comments(id,parent_id,post_id,text,time,user_id) values ('10','0','3','test comment9','2020-01-01 00:00:03','1');
insert into post_comments(id,parent_id,post_id,text,time,user_id) values ('11','0','8','test comment10','2020-01-01 00:00:03','1');
insert into post_comments(id,parent_id,post_id,text,time,user_id) values ('13','0','7','test comment11','2020-01-01 00:00:03','1');
insert into post_comments(id,parent_id,post_id,text,time,user_id) values ('14','0','10','test comment11','2020-01-01 00:00:03','1');
insert into post_comments(id,parent_id,post_id,text,time,user_id) values ('15','0','11','test comment11','2020-01-01 00:00:03','1');
insert into post_comments(id,parent_id,post_id,text,time,user_id) values ('16','0','12','test comment11','2020-01-01 00:00:03','1');
insert into post_comments(id,parent_id,post_id,text,time,user_id) values ('17','0','12','test comment11','2020-01-01 00:00:03','1');
insert into post_comments(id,parent_id,post_id,text,time,user_id) values ('18','0','12','test comment11','2020-01-01 00:00:03','1');
insert into post_comments(id,parent_id,post_id,text,time,user_id) values ('19','0','9','test comment11','2020-01-01 00:00:03','1');